index,path_distance,label,kx,ky,kz,energy_Ry,normalized_residual,iterations,converged,elapsed_seconds,tau
0,0.0,Γ,0.0,0.0,0.0,-0.18505820933563652,9.722235085745178e-09,0,True,0.022385950000057164,0.0013575634570372219
1,0.05235987755982988,,0.05235987755982988,0.0,0.0,-0.18288467188041616,9.792408057095054e-09,8760,True,194.8103167449999,0.0013575634570372219
2,0.10471975511965977,,0.10471975511965977,0.0,0.0,-0.176399038123448,9.86518534904934e-09,9200,True,202.6698983230001,0.0013575634570372219
3,0.15707963267948966,,0.15707963267948966,0.0,0.0,-0.16571136035315628,9.978510784293303e-09,9720,True,213.88728428000013,0.0013575634570372219
4,0.20943951023931953,,0.20943951023931953,0.0,0.0,-0.1510233285529882,9.743639602139018e-09,10360,True,223.65976790700006,0.0013575634570372219
5,0.2617993877991494,,0.2617993877991494,0.0,0.0,-0.13266024931371034,9.747884797332318e-09,11000,True,237.55200825500015,0.0013575634570372219
6,0.3141592653589793,,0.3141592653589793,0.0,0.0,-0.11112602767327717,9.790264313234536e-09,11340,True,244.66809112400006,0.0013575634570372219
7,0.36651914291880916,,0.36651914291880916,0.0,0.0,-0.08719353290130137,9.862944432218315e-09,14060,True,305.4602989050002,0.0013575634570372219
8,0.41887902047863906,,0.41887902047863906,0.0,0.0,-0.062045486256120566,9.826818014355965e-09,16980,True,367.1879246989997,0.0013575634570372219
9,0.47123889803846897,,0.47123889803846897,0.0,0.0,-0.037469805925333576,9.884060611030927e-09,20300,True,436.5079487769999,0.0013575634570372219
10,0.5235987755982988,,0.5235987755982988,0.0,0.0,-0.016043869688884813,9.853430419755309e-09,24240,True,520.4373499779999,0.0013575634570372219
11,0.5759586531581287,,0.5759586531581287,0.0,0.0,-0.0010442474570522104,9.914908852128559e-09,30540,True,650.5031763910001,0.0013575634570372219
12,0.6283185307179586,X,0.6283185307179586,0.0,0.0,0.004406489150160472,9.884165655580642e-09,29580,True,632.0124970380002,0.0013575634570372219
13,0.6806784082777885,,0.6283185307179586,0.05235987755982988,0.0,0.0062801080256795596,9.753244160017538e-09,9540,True,200.11791973900017,0.0013575634570372219
14,0.7330382858376183,,0.6283185307179586,0.10471975511965977,0.0,0.01185432882821887,9.749254945436985e-09,9640,True,204.74949627100068,0.0013575634570372219
15,0.7853981633974482,,0.6283185307179586,0.15707963267948966,0.0,0.020984123573566996,9.667473316573584e-09,9800,True,206.35668114799955,0.0013575634570372219
16,0.837758040957278,,0.6283185307179586,0.20943951023931953,0.0,0.03341007634888015,9.924973164645076e-09,9960,True,207.7407022440002,0.0013575634570372219
17,0.8901179185171079,,0.6283185307179586,0.2617993877991494,0.0,0.04872972107226793,9.813389348352422e-09,9920,True,209.20270573800008,0.0013575634570372219
18,0.9424777960769377,,0.6283185307179586,0.3141592653589793,0.0,0.06635390508064991,9.7457801260808e-09,10880,True,231.1070740490004,0.0013575634570372219
19,0.9948376736367676,,0.6283185307179586,0.36651914291880916,0.0,0.08544730254223011,9.907444866851616e-09,12400,True,261.53003454400005,0.0013575634570372219
20,1.0471975511965974,,0.6283185307179586,0.41887902047863906,0.0,0.10485981988485388,9.817331257695938e-09,13840,True,292.9903093490002,0.0013575634570372219
21,1.0995574287564274,,0.6283185307179586,0.47123889803846897,0.0,0.12307560292145148,9.82181079061856e-09,15240,True,324.6892941209999,0.0013575634570372219
22,1.1519173063162573,,0.6283185307179586,0.5235987755982988,0.0,0.13824663374777502,9.877061035979376e-09,16500,True,353.7380566620004,0.0013575634570372219
23,1.204277183876087,,0.6283185307179586,0.5759586531581287,0.0,0.14841863104870387,9.99494311662553e-09,17420,True,364.5297800549997,0.0013575634570372219
24,1.256637061435917,M,0.6283185307179586,0.6283185307179586,0.0,0.1520149914837953,9.87808878152474e-09,17820,True,372.1775786300004,0.0013575634570372219
25,1.308996938995747,,0.6283185307179586,0.6283185307179586,0.05235987755982988,0.15360078129842494,9.626795731090148e-09,6780,True,141.40903490000073,0.0013575634570372219
26,1.361356816555577,,0.6283185307179586,0.6283185307179586,0.10471975511965977,0.15830566374619306,9.732555927755313e-09,7160,True,147.45881924899913,0.0013575634570372219
27,1.413716694115407,,0.6283185307179586,0.6283185307179586,0.15707963267948966,0.16596822488876908,9.758654991525029e-09,7500,True,155.790656277999,0.0013575634570372219
28,1.4660765716752369,,0.6283185307179586,0.6283185307179586,0.20943951023931953,0.17630625209240416,9.651440651791624e-09,7740,True,160.6975469980007,0.0013575634570372219
29,1.5184364492350668,,0.6283185307179586,0.6283185307179586,0.2617993877991494,0.18889717644496604,9.815842527824415e-09,7640,True,160.07689302899962,0.0013575634570372219
30,1.5707963267948968,,0.6283185307179586,0.6283185307179586,0.3141592653589793,0.20315230801590173,9.838917784377407e-09,8840,True,186.81684154600043,0.0013575634570372219
31,1.6231562043547267,,0.6283185307179586,0.6283185307179586,0.36651914291880916,0.21828954879474996,9.864024484310405e-09,9960,True,210.31786337099948,0.0013575634570372219
32,1.6755160819145567,,0.6283185307179586,0.6283185307179586,0.41887902047863906,0.2333163064798372,9.780045217001942e-09,10960,True,230.5362680420003,0.0013575634570372219
33,1.7278759594743867,,0.6283185307179586,0.6283185307179586,0.47123889803846897,0.24704500366881,9.7565654773787e-09,11860,True,247.0235015390008,0.0013575634570372219
34,1.7802358370342164,,0.6283185307179586,0.6283185307179586,0.5235987755982988,0.2581748724476655,9.883211371382985e-09,12600,True,262.86647839500074,0.0013575634570372219
35,1.8325957145940461,,0.6283185307179586,0.6283185307179586,0.5759586531581287,0.2654690283073007,9.869783087293145e-09,13120,True,276.9056914569992,0.0013575634570372219
36,1.884955592153876,R,0.6283185307179586,0.6283185307179586,0.6283185307179586,0.26801374627903224,9.990213466850294e-09,13320,True,281.8212599569997,0.0013575634570372219
37,1.9756455603655871,,0.5759586531581287,0.5759586531581287,0.5759586531581287,0.2602854110525409,9.88021288027616e-09,14540,True,304.00214475900066,0.0013575634570372219
38,2.066335528577298,,0.5235987755982989,0.5235987755982989,0.5235987755982989,0.23710456947621017,9.842377064295191e-09,16060,True,333.93083228700016,0.0013575634570372219
39,2.157025496789009,,0.47123889803846897,0.47123889803846897,0.47123889803846897,0.19897226891610942,9.831155214073989e-09,17300,True,357.50543149700025,0.0013575634570372219
40,2.24771546500072,,0.4188790204786391,0.4188790204786391,0.4188790204786391,0.14805949636713292,9.935767032956324e-09,17700,True,367.4954587550001,0.0013575634570372219
41,2.338405433212431,,0.3665191429188092,0.3665191429188092,0.3665191429188092,0.08881797943810103,9.999493144022278e-09,17320,True,358.6507886959989,0.0013575634570372219
42,2.429095401424142,,0.3141592653589793,0.3141592653589793,0.3141592653589793,0.026962469828472037,9.819771579211553e-09,16920,True,353.39248457100075,0.0013575634570372219
43,2.519785369635853,,0.26179938779914946,0.26179938779914946,0.26179938779914946,-0.03218911126128073,9.833093401083816e-09,14920,True,310.8049409409996,0.0013575634570372219
44,2.6104753378475642,,0.20943951023931956,0.20943951023931956,0.20943951023931956,-0.08459367055538904,9.753916465809656e-09,12360,True,260.9506359719999,0.0013575634570372219
45,2.7011653060592753,,0.15707963267948966,0.15707963267948966,0.15707963267948966,-0.1275051768262881,9.784196485064334e-09,10460,True,218.57474345899936,0.0013575634570372219
46,2.791855274270986,,0.10471975511965982,0.10471975511965982,0.10471975511965982,-0.15917271291245072,9.833131846449054e-09,9400,True,194.51471676499932,0.0013575634570372219
47,2.882545242482697,,0.05235987755982991,0.05235987755982991,0.05235987755982991,-0.1785431919654728,9.721755124410163e-09,8900,True,183.7658739260005,0.0013575634570372219
48,2.973235210694408,Γ,0.0,0.0,0.0,-0.1850582093356367,9.967741778807316e-09,9000,True,184.759523783001,0.0013575634570372219
